Designator,Value,Footprint,Mid X,Mid Y,Rotation,Layer
C1,2u2,C_0603_1608Metric,148.62,-95.34,0,top
C2,2u2,C_0603_1608Metric,142.75,-107.25,0,top
C3,4u7,C_0603_1608Metric,132.225,-93.969581,90,top
C4,100n,C_0402_1005Metric,136.68,-90.51,0,top
C5,100n,C_0402_1005Metric,129.725,-94.719581,180,top
C6,100n,C_0402_1005Metric,137,-107.25,180,top
C7,100n,C_0402_1005Metric,144.975,-105.219581,-90,top
C8,100n,C_0402_1005Metric,146.475,-93.719581,0,top
C9,1u,C_0402_1005Metric,131.225,-100.969581,90,top
C10,10n,C_0402_1005Metric,132.475,-100.969581,90,top
C11,12p,C_0402_1005Metric,127.33,-100.05,0,top
C12,12p,C_0402_1005Metric,127.225,-94.719581,180,top
C13,10u,C_1206_3216Metric,156.8925,-107.469581,0,top
C15,10n,C_0603_1608Metric,152.3925,-111.719581,0,top
C16,10u,C_1206_3216Metric,153.88,-115.34,180,top
C17,10u,C_1206_3216Metric,148.77,-115.33,0,top
D2,RED,LED_0603_1608Metric,157.63,-84.03,0,top
D3,B230,D_SOD-123,149.5025,-104.51,0,top
D4,B230,D_SOD-123,156.53,-98.11,90,top
F1,250mA,Fuse_1206_3216Metric,152.975,-99.719581,180,top
FB1,600 @ 600 MHz,C_0805_2012Metric,154.225,-103.469581,-90,top
H1,MountingHole_Pad,MountingHole_4.3mm_M4_Pad_Via,164.475,-79.5,0,top
H2,MountingHole_Pad,MountingHole_4.3mm_M4_Pad_Via,126.225,-79.5,0,top
H3,MountingHole_Pad,MountingHole_4.3mm_M4_Pad_Via,126.225,-116.219581,0,top
H4,MountingHole_Pad,MountingHole_4.3mm_M4_Pad_Via,164.475,-115.969581,0,top
IC1,MP2359DJ-LF-Z,MP2359DJ-LF-Z,152.475,-108.219581,90,top
J1,Screw_Terminal_01x02,"TerminalBlock_Phoenix_PT-1,5-2-3.5-H_1x02_P3.50mm_Horizontal",163.1425,-105.219581,90,top
J2,SWD,PinHeader_2x05_P1.27mm_Vertical_SMD,149.935,-86.019581,90,top
J3,Conn_01x04,Molex_PicoBlade_53048-0410_1x04_P1.25mm_Horizontal,141.6,-79.169581,180,top
J4,Conn_01x04,Molex_PicoBlade_53048-0410_1x04_P1.25mm_Horizontal,137.85,-116.269581,0,top
J5,USB_B_Micro,101181930001LF,163.93,-92.919581,90,top
L1,39n,L_0402_1005Metric,129.975,-100.969581,-90,top
L2,10uH,L_Sunlord_MWSA0518S,147.3925,-110.469581,-90,top
Q1,AO3401A,SOT-23,157.475,-103.969581,-90,top
R1,10k,R_0402_1005Metric,128.7,-89.66,180,top
R2,47,R_0402_1005Metric,131.75,-98,-90,top
R3,1k5,R_0603_1608Metric,132.475,-106.219581,0,top
R4,1k,R_0603_1608Metric,157.66,-85.89,0,top
R6,100k,R_0603_1608Metric,156.1425,-109.969581,180,top
R7,68k,R_0603_1608Metric,158.6425,-110.469581,90,top
R8,47k,R_0603_1608Metric,158.25,-115.48,0,top
R9,15k,R_0603_1608Metric,158.3925,-113.719581,0,top
R10,270,R_0603_1608Metric,160.475,-110.469581,90,top
R11,2k2,R_0402_1005Metric,140.02,-88.13,0,top
R12,2k2,R_0402_1005Metric,138.98,-90.5,180,top
STATUS,BLUE,LED_0603_1608Metric,132.475,-104.219581,0,top
SW1,SW_SPDT,SW_SPDT_PCM12,124.2,-88.969581,-90,top
U1,STM32F405RGT6,LQFP-64_10x10mm_P0.5mm,139.975,-98.719581,0,top
U2,USBLC6-2SC6,SOT-23-6,156.225,-92.719581,0,top
Y1,16MHz,Crystal_SMD_3225-4Pin_3.2x2.5mm,128.325,-97.219581,180,top
