"Reference","Qty","Value","Footprint","Datasheet","#"
"C1,C2","2","2u2","Capacitor_SMD:C_0603_1608Metric","","1"
"C3","1","4u7","Capacitor_SMD:C_0603_1608Metric","","2"
"C4,C5,C6,C7,C8","5","100n","Capacitor_SMD:C_0402_1005Metric","","3"
"C9","1","1u","Capacitor_SMD:C_0402_1005Metric","","4"
"C10","1","10n","Capacitor_SMD:C_0402_1005Metric","","5"
"C11,C12","2","12p","Capacitor_SMD:C_0402_1005Metric","","6"
"C13,C16,C17","3","10u","Capacitor_SMD:C_1206_3216Metric","","7"
"C15","1","10n","Capacitor_SMD:C_0603_1608Metric","","8"
"D1","1","BLUE","LED_SMD:LED_0603_1608Metric","","9"
"D2","1","RED","LED_SMD:LED_0603_1608Metric","","10"
"D3,D4","2","B230","Diode_SMD:D_SOD-123","http://www.jameco.com/Jameco/Products/ProdDS/1538777.pdf","11"
"F1","1","250mA","Fuse:Fuse_1206_3216Metric","","12"
"FB1","1","600 @ 600 MHz","Capacitor_SMD:C_0805_2012Metric","","13"
"IC1","1","MP2359DJ-LF-Z","DownloadedLib:MP2359DJ-LF-Z","https://datasheet.datasheetarchive.com/originals/distributors/Datasheets_SAMA/89d986a89c59d1844ef77b6f65b8a4d2.pdf","14"
"J1","1","Screw_Terminal_01x02","TerminalBlock_Phoenix:TerminalBlock_Phoenix_PT-1,5-2-3.5-H_1x02_P3.50mm_Horizontal","","15"
"J2","1","SWD","Connector_PinHeader_1.27mm:PinHeader_2x05_P1.27mm_Vertical_SMD","","16"
"J3,J4","2","Conn_01x04","Connector_Molex:Molex_PicoBlade_53048-0410_1x04_P1.25mm_Horizontal","","17"
"J5","1","USB_B_Micro","DownloadedLib:101181930001LF","","18"
"L1","1","39n","Inductor_SMD:L_0402_1005Metric","","19"
"L2","1","10uH","Inductor_SMD:L_Sunlord_MWSA0518S","","20"
"Q1","1","AO3401A","Package_TO_SOT_SMD:SOT-23","http://www.aosmd.com/pdfs/datasheet/AO3401A.pdf","21"
"R1","1","10k","Resistor_SMD:R_0402_1005Metric","","22"
"R2","1","47","Resistor_SMD:R_0402_1005Metric","","23"
"R3","1","1k5","Resistor_SMD:R_0603_1608Metric","","24"
"R4","1","1k","Resistor_SMD:R_0603_1608Metric","","25"
"R6","1","100k","Resistor_SMD:R_0603_1608Metric","","26"
"R7","1","68k","Resistor_SMD:R_0603_1608Metric","","27"
"R8","1","47k","Resistor_SMD:R_0603_1608Metric","","28"
"R9","1","15k","Resistor_SMD:R_0603_1608Metric","","29"
"R10","1","270","Resistor_SMD:R_0603_1608Metric","","30"
"R11,R12","2","2k2","Resistor_SMD:R_0402_1005Metric","","31"
"SW1","1","SW_SPDT","Button_Switch_SMD:SW_SPDT_PCM12","","32"
"U1","1","STM32F405RGT6","Package_QFP:LQFP-64_10x10mm_P0.5mm","https://www.st.com/resource/en/datasheet/stm32f405rg.pdf","33"
"U2","1","USBLC6-2SC6","Package_TO_SOT_SMD:SOT-23-6","https://www.st.com/resource/en/datasheet/usblc6-2.pdf","34"
"Y1","1","16MHz","Crystal:Crystal_SMD_3225-4Pin_3.2x2.5mm","","35"
