Ref,Val,Package,PosX,PosY,Rot,Side
"C1","2u2","C_0805_2012Metric",148.700000,-95.100000,0.000000,top
"C2","2u2","C_0805_2012Metric",143.300000,-107.500000,-90.000000,top
"C3","4u7","C_0805_2012Metric",132.000000,-89.700000,-90.000000,top
"C4","100n","C_0805_2012Metric",134.700000,-89.700000,90.000000,top
"C5","100n","C_0805_2012Metric",132.700000,-92.600000,180.000000,top
"C6","100n","C_0805_2012Metric",137.500000,-106.800000,180.000000,top
"C7","100n","C_0805_2012Metric",146.100000,-105.300000,0.000000,top
"C8","100n","C_0805_2012Metric",148.700000,-92.700000,0.000000,top
"C9","1u","C_0805_2012Metric",129.700000,-101.000000,90.000000,top
"C10","10n","C_0805_2012Metric",132.000000,-101.000000,90.000000,top
"C11","12p","C_0805_2012Metric",126.000000,-98.300000,180.000000,top
"C12","12p","C_0805_2012Metric",132.000000,-95.400000,90.000000,top
"C13","10u","C_1206_3216Metric",157.500000,-107.500000,0.000000,top
"C14","10n","C_0805_2012Metric",152.400000,-111.700000,0.000000,top
"C15","10u","C_1206_3216Metric",151.600000,-115.400000,180.000000,top
"C16","10u","C_1206_3216Metric",146.700000,-115.400000,0.000000,top
"C17","100n","C_0805_2012Metric",122.800000,-102.000000,90.000000,top
"D2","RED","LED_0805_2012Metric",159.900000,-84.400000,0.000000,top
"D3","B230","D_SOD-123",149.600000,-103.500000,90.000000,top
"D4","B230","D_SOD-123",156.400000,-98.200000,90.000000,top
"F1","250 mA","Fuse_1206_3216Metric",152.600000,-99.400000,180.000000,top
"FB1","600 @ 600 MHz","C_0805_2012Metric",152.100000,-103.500000,-90.000000,top
"GND","TestPoint","TestPoint_Pad_D1.5mm",122.200000,-95.600000,0.000000,top
"H1","MountingHole_Pad","MountingHole_4.3mm_M4_Pad_Via",164.500000,-79.500000,0.000000,top
"H2","MountingHole_Pad","MountingHole_4.3mm_M4_Pad_Via",126.200000,-79.500000,0.000000,top
"H3","MountingHole_Pad","MountingHole_4.3mm_M4_Pad_Via",126.200000,-116.200000,0.000000,top
"H4","MountingHole_Pad","MountingHole_4.3mm_M4_Pad_Via",164.500000,-116.000000,0.000000,top
"IC1","MP2359DJ-LF-Z","MP2359DJ-LF-Z",152.475000,-108.219581,90.000000,top
"J1","Screw_Terminal_01x02","TerminalBlock_Phoenix_PT-1,5-2-3.5-H_1x02_P3.50mm_Horizontal",164.500000,-104.900000,90.000000,top
"J2","SWD","PinHeader_2x05_P1.27mm_Vertical_SMD",154.200000,-86.400000,90.000000,top
"J3","Conn_01x04","Molex_PicoBlade_53048-0410_1x04_P1.25mm_Horizontal",141.600000,-79.000000,180.000000,top
"J4","Conn_01x04","Molex_PicoBlade_53048-0410_1x04_P1.25mm_Horizontal",137.800000,-116.300000,0.000000,top
"J5","USB_B_Micro","101181930001LF",166.500000,-92.900000,90.000000,top
"J6","Conn_01x04","PinHeader_1x04_P2.54mm_Vertical",145.700000,-119.500000,90.000000,top
"J7","Conn_01x04","PinHeader_1x04_P2.54mm_Vertical",133.500000,-75.900000,0.000000,top
"J8","Conn_01x02","PinHeader_1x02_P2.54mm_Vertical",133.200000,-116.700000,0.000000,top
"L1","39n","L_0805_2012Metric",127.700000,-101.200000,-90.000000,top
"L2","10uH","L_Sunlord_MWSA0518S",147.392500,-110.469581,-90.000000,top
"LED1","BLUE","LED_0805_2012Metric",132.800000,-107.900000,0.000000,top
"NRST","TestPoint","TestPoint_Pad_D1.5mm",122.200000,-99.000000,0.000000,top
"Q1","AO3401A","SOT-23",155.800000,-103.600000,-90.000000,top
"R1","10k","R_0805_2012Metric",128.700000,-89.700000,180.000000,top
"R2","47","R_0805_2012Metric",131.300000,-98.200000,180.000000,top
"R3","1k","R_0805_2012Metric",132.800000,-110.000000,0.000000,top
"R4","1k","R_0805_2012Metric",159.900000,-86.500000,0.000000,top
"R5","10k","R_0805_2012Metric",125.600000,-102.000000,-90.000000,top
"R6","100k","R_0805_2012Metric",157.700000,-109.900000,0.000000,top
"R7","68k","R_0805_2012Metric",161.200000,-109.900000,90.000000,top
"R8","47k","R_0805_2012Metric",155.200000,-114.200000,90.000000,top
"R9","15k","R_0805_2012Metric",158.100000,-113.100000,0.000000,top
"R10","270","R_0805_2012Metric",158.100000,-115.200000,180.000000,top
"R11","4k7","R_0805_2012Metric",141.700000,-90.300000,180.000000,top
"R12","4k7","R_0805_2012Metric",138.000000,-90.300000,0.000000,top
"R13","1k","R_0805_2012Metric",146.300000,-87.700000,180.000000,top
"R14","1k","R_0805_2012Metric",142.200000,-85.300000,180.000000,top
"R15","1k","R_0805_2012Metric",142.200000,-83.200000,180.000000,top
"R16","10k","R_0805_2012Metric",159.000000,-99.900000,90.000000,top
"RGB","150080M153000","150080M153000",146.200000,-84.100000,-90.000000,top
"SW1","SW_SPDT","SW_SPDT_PCM12",124.200000,-89.000000,-90.000000,top
"SW2","SW_Push","SW_PUSH_6mm_H5mm",128.900000,-110.000000,180.000000,top
"U1","STM32F405RGT6","LQFP-64_10x10mm_P0.5mm",139.975000,-98.719581,0.000000,top
"U2","USBLC6-2SC6","SOT-23-6",155.900000,-92.700000,0.000000,top
"VA_TP","TestPoint","TestPoint_Pad_D1.5mm",131.800000,-105.400000,0.000000,top
"V_TP","TestPoint","TestPoint_Pad_D1.5mm",143.000000,-112.600000,0.000000,top
"Y1","16MHz","Crystal_SMD_3225-4Pin_3.2x2.5mm",127.300000,-95.300000,180.000000,top
"Z1","BZX384-C8V2,115","SOD2512X110N",159.100000,-103.800000,90.000000,top
